{
  "aggregate": {
    "biases": {
      "1C": 0.75,
      "1D": 0.75,
      "1H": 0.75,
      "1NT": 0.75,
      "1S": 0.75,
      "2C": 0.29266961396282004,
      "2D": 0.01980262729617973,
      "2H": 0.2151113796169455,
      "2NT": 0.75,
      "2S": 0.058268908123975824,
      "3NT": -0.25,
      "4H": 0.25,
      "4S": 0.25,
      "5C": 0.25,
      "5D": 0.058268908123975824,
      "6H": 0.25,
      "6NT": 0.25,
      "6S": 0.16551443847757333,
      "P": -0.08227340789464865
    },
    "count": 9919,
    "predicted": {
      "1C": 0,
      "1D": 0,
      "1H": 24,
      "1NT": 0,
      "1S": 0,
      "2C": 0,
      "2D": 0,
      "2H": 0,
      "2NT": 0,
      "2S": 0,
      "3NT": 1044,
      "4H": 0,
      "4S": 0,
      "5C": 0,
      "5D": 0,
      "6H": 0,
      "6NT": 0,
      "6S": 0,
      "P": 8851
    },
    "true": {
      "1C": 122,
      "1D": 103,
      "1H": 161,
      "1NT": 94,
      "1S": 89,
      "2C": 17,
      "2D": 1,
      "2H": 12,
      "2NT": 174,
      "2S": 3,
      "3NT": 545,
      "4H": 151,
      "4S": 193,
      "5C": 22,
      "5D": 3,
      "6H": 27,
      "6NT": 45,
      "6S": 9,
      "P": 8148
    }
  },
  "buckets": {
    "competitive": {
      "biases": {
        "1C": 0.0,
        "1D": 0.0,
        "1H": 0.0,
        "1NT": 0.0,
        "1S": 0.0,
        "2C": 0.0,
        "2D": 0.0,
        "2H": 0.0,
        "2NT": 0.0,
        "2S": 0.0,
        "3NT": 0.0,
        "4H": 0.0,
        "4S": 0.0,
        "5C": 0.0,
        "5D": 0.0,
        "6H": 0.0,
        "6NT": 0.0,
        "6S": 0.0,
        "P": 0.0
      },
      "count": 2098,
      "predicted": {
        "1C": 0,
        "1D": 0,
        "1H": 0,
        "1NT": 0,
        "1S": 0,
        "2C": 0,
        "2D": 0,
        "2H": 0,
        "2NT": 0,
        "2S": 0,
        "3NT": 0,
        "4H": 0,
        "4S": 0,
        "5C": 0,
        "5D": 0,
        "6H": 0,
        "6NT": 0,
        "6S": 0,
        "P": 2098
      },
      "true": {
        "1C": 0,
        "1D": 0,
        "1H": 0,
        "1NT": 0,
        "1S": 0,
        "2C": 0,
        "2D": 0,
        "2H": 0,
        "2NT": 0,
        "2S": 0,
        "3NT": 0,
        "4H": 0,
        "4S": 0,
        "5C": 0,
        "5D": 0,
        "6H": 0,
        "6NT": 0,
        "6S": 0,
        "P": 2098
      }
    },
    "high_contract": {
      "biases": {
        "1C": 0.0,
        "1D": 0.0,
        "1H": 0.0,
        "1NT": 0.0,
        "1S": 0.0,
        "2C": 0.0,
        "2D": 0.0,
        "2H": 0.0,
        "2NT": 0.0,
        "2S": 0.0,
        "3NT": 0.0,
        "4H": 0.0,
        "4S": 0.0,
        "5C": 0.0,
        "5D": 0.0,
        "6H": 0.0,
        "6NT": 0.0,
        "6S": 0.0,
        "P": 0.0
      },
      "count": 2985,
      "predicted": {
        "1C": 0,
        "1D": 0,
        "1H": 0,
        "1NT": 0,
        "1S": 0,
        "2C": 0,
        "2D": 0,
        "2H": 0,
        "2NT": 0,
        "2S": 0,
        "3NT": 0,
        "4H": 0,
        "4S": 0,
        "5C": 0,
        "5D": 0,
        "6H": 0,
        "6NT": 0,
        "6S": 0,
        "P": 2985
      },
      "true": {
        "1C": 0,
        "1D": 0,
        "1H": 0,
        "1NT": 0,
        "1S": 0,
        "2C": 0,
        "2D": 0,
        "2H": 0,
        "2NT": 0,
        "2S": 0,
        "3NT": 0,
        "4H": 0,
        "4S": 0,
        "5C": 0,
        "5D": 0,
        "6H": 0,
        "6NT": 0,
        "6S": 0,
        "P": 2985
      }
    },
    "late_auction": {
      "biases": {
        "1C": 0.0,
        "1D": 0.0,
        "1H": 0.0,
        "1NT": 0.0,
        "1S": 0.0,
        "2C": 0.0,
        "2D": 0.0,
        "2H": 0.0,
        "2NT": 0.0,
        "2S": 0.0,
        "3NT": 0.0,
        "4H": 0.0,
        "4S": 0.0,
        "5C": 0.0,
        "5D": 0.0,
        "6H": 0.0,
        "6NT": 0.0,
        "6S": 0.0,
        "P": 0.0
      },
      "count": 230,
      "predicted": {
        "1C": 0,
        "1D": 0,
        "1H": 0,
        "1NT": 0,
        "1S": 0,
        "2C": 0,
        "2D": 0,
        "2H": 0,
        "2NT": 0,
        "2S": 0,
        "3NT": 0,
        "4H": 0,
        "4S": 0,
        "5C": 0,
        "5D": 0,
        "6H": 0,
        "6NT": 0,
        "6S": 0,
        "P": 230
      },
      "true": {
        "1C": 0,
        "1D": 0,
        "1H": 0,
        "1NT": 0,
        "1S": 0,
        "2C": 0,
        "2D": 0,
        "2H": 0,
        "2NT": 0,
        "2S": 0,
        "3NT": 0,
        "4H": 0,
        "4S": 0,
        "5C": 0,
        "5D": 0,
        "6H": 0,
        "6NT": 0,
        "6S": 0,
        "P": 230
      }
    },
    "unopened": {
      "biases": {
        "1C": 0.75,
        "1D": 0.75,
        "1H": 0.75,
        "1NT": 0.75,
        "1S": 0.75,
        "2C": 0.29266961396282004,
        "2D": 0.01980262729617973,
        "2H": 0.2151113796169455,
        "2NT": 0.75,
        "2S": 0.058268908123975824,
        "3NT": -0.25,
        "4H": 0.25,
        "4S": 0.25,
        "5C": 0.25,
        "5D": 0.058268908123975824,
        "6H": 0.25,
        "6NT": 0.25,
        "6S": 0.16551443847757333,
        "P": -0.2180700442364868
      },
      "count": 4606,
      "predicted": {
        "1C": 0,
        "1D": 0,
        "1H": 24,
        "1NT": 0,
        "1S": 0,
        "2C": 0,
        "2D": 0,
        "2H": 0,
        "2NT": 0,
        "2S": 0,
        "3NT": 1044,
        "4H": 0,
        "4S": 0,
        "5C": 0,
        "5D": 0,
        "6H": 0,
        "6NT": 0,
        "6S": 0,
        "P": 3538
      },
      "true": {
        "1C": 122,
        "1D": 103,
        "1H": 161,
        "1NT": 94,
        "1S": 89,
        "2C": 17,
        "2D": 1,
        "2H": 12,
        "2NT": 174,
        "2S": 3,
        "3NT": 545,
        "4H": 151,
        "4S": 193,
        "5C": 22,
        "5D": 3,
        "6H": 27,
        "6NT": 45,
        "6S": 9,
        "P": 2835
      }
    }
  },
  "clip": 0.75,
  "high_level_clip": 0.25,
  "labels": [
    "1C",
    "1D",
    "1H",
    "1NT",
    "1S",
    "2C",
    "2D",
    "2H",
    "2NT",
    "2S",
    "3NT",
    "4H",
    "4S",
    "5C",
    "5D",
    "6H",
    "6NT",
    "6S",
    "P"
  ],
  "min_bucket_count": 200,
  "schema_version": 1,
  "smoothing": 50.0,
  "strategy": "true_predicted_frequency_log_bias",
  "strength": 1.0
}